Workbook

Sheet xx
Q2: Project No.
Q3: Document No.
Q4: Issued for
Q5: Prepared By
B6: Date | Q6: Checked By
B7: Rev. | Q7: Approved By
B8: Step | C8: Process Step | D8: Material | E8: Molecular weight | F8: Kmoles | H8: Mass in kg | I8: Mass out Kg | J8: Accumn kg | L8: Sp gr | M8: Volume in L | N8: Volume out L | O8: Accumn. L | P8: Time | R8: Pressure | S8: Scrubber and vacuum | T8: Temp. 0C | U8: Utility Brine/CW/CHW/steam/ Nitrogen blanketing | V8: Remarks
B9: 6.3 KL GLR Pre Mixer (PM-1402 / PM-XXXX) Reactor Qty : 2 Nos | P9: Min | Q9: Hrs | X9: Equipment Name | Y9: PM - 1402 / PM - XXXX | AB9: HE Primary | AC9: PM - 1402 / PM - XXXX
B10: 1 | C10: Hexane Receive in Reacter By Pump From Hexane Day Tank (DT-1402 / DT-XXXX) | D10: HEXANE | E10: NA | H10: 1200 | J10: =H10-I10 -> 1200 | L10: 0.65 | M10: =H10/L10 -> 1846.1538 | O10: =M10-N10 -> 1846.1538 | P10: 60 | Q10: =P10/60 -> 1 | R10: - | S10: - | T10: 20-25 deg C | U10: CHW | X10: Process Step | Y10: Reaction | AB10: Utility | AC10: CW
B11: 2 | C11: Charge MPBD under vacuum through drum | D11: MPBD | E11: NA | H11: 875 | J11: =J10+H11-I11 -> 2075 | L11: 1.2 | M11: =H11/L11 -> 729.16667 | O11: =O10+M11-N11 -> 2575.3205 | P11: 60 | Q11: =P11/60 -> 1 | R11: Vacuum | S11: Vacuum | T11: 20-25 deg C | U11: CW/CHW | X11: Batch Cycle Time | Y11: =Q15+SUM(Q22:Q28) -> 16.5 | AB11: Area (m2) | AC11: 18
B12: 3 | C12: Charge IN-1 under vacuum by drum | D12: IN-1 | E12: NA | H12: 1225 | J12: =J11+H12-I12 -> 3300 | L12: 1.44 | M12: =H12/L12 -> 850.69444 | O12: =O11+M12-N12 -> 3426.015 | P12: 60 | Q12: =P12/60 -> 1 | R12: Vacuum | S12: Vacuum | T12: 20-25 deg C | U12: CW/CHW | X12: MOC | Y12: MSGL | AB12: MOC | AC12: Graphite
B13: 4 | C13: Apply brine and cool down the temp to 8 deg C | J13: =J12+H13-I13 -> 3300 | O13: =O12+M13-N13 -> 3426.015 | P13: 60 | Q13: =P13/60 -> 1 | R13: ATM | T13: 8 deg C | U13: CHW/CHB | X13: Nature | Y13: Acidic | AB13: Type | AC13: Cylindrical
B14: 5 | C14: Mixing for 1 hr | J14: =J13+H14-I14 -> 3300 | O14: =O13+M14-N14 -> 3426.015 | P14: 60 | Q14: =P14/60 -> 1 | R14: ATM | T14: 8 deg C | U14: CHW/CHB | X14: Reactor Volume | Y14: 6.3 KL
B15: Total | D15: - | E15: - | F15: - | H15: =SUM(H10:H14) -> 3300 | I15: =SUM(I10:I14) -> 0 | J15: =H15-I15 -> 3300 | L15: - | M15: =SUM(M10:M14) -> 3426.015 | N15: =SUM(N10:N14) -> 0 | O15: =M15-N15 -> 3426.015 | P15: =SUM(P10:P14) -> 300 | Q15: =SUM(Q10:Q14) -> 5 | R15: - | S15: - | T15: - | U15: - | X15: Pressure | Y15: FV TO ATM | AB15: HE Secondary | AC15: PM - 1402 / PM - XXXX
B16: 3 KL SSR Cyanide Reactor (R-1402) Reactor Qty : 1 Nos | X16: Temperature | Y16: 8 TO 35 Deg. C max. | AB16: Utility | AC16: CHW
B17: 1 | C17: Charge 1200 kg water | D17: WATER | E17: 18 | H17: 1200 | J17: =J16+H17-I17 -> 1200 | L17: 1 | M17: =H17/L17 -> 1200 | O17: =M17-N17 -> 1200 | P17: 60 | Q17: =P17/60 -> 1 | R17: ATM | T17: 25-30 deg C | U17: CW / CHW | X17: RPM | Y17: 95 | AB17: Area (m2) | AC17: 10
B18: 2 | C18: Charge 250kg Sodium cyanide through manhole under vacuum and against air direaction | D18: SODIUM CYANIDE | E18: NA | H18: 250 | J18: =J17+H18-I18 -> 1450 | L18: 1.16 | M18: =H18/L18 -> 215.51724 | O18: =O17+M18-N18 -> 1415.5172 | P18: 30 | Q18: =P18/60 -> 0.5 | R18: 600-650mmHg | S18: Vacuum | T18: 25-30 deg C | U18: CW / CHW | X18: Agitator Dia. | Y18: 1100 mm | AB18: MOC | AC18: Graphite
B19: 3 | C19: Mixing for 1 hr | J19: =J18+H19-I19 -> 1450 | O19: =O18+M19-N19 -> 1415.5172 | P19: 60 | Q19: =P19/60 -> 1 | R19: ATM | T19: 25 - 30 Deg. C | U19: CW / CHW | X19: Motor Power | Y19: 15 HP | AB19: Type | AC19: Cylindrical
B20: Total | D20: - | E20: - | F20: - | H20: =SUM(H17:H19) -> 1450 | I20: =SUM(I17:I19) -> 0 | J20: =H20-I20 -> 1450 | L20: - | M20: =SUM(M17:M19) -> 1415.5172 | N20: =SUM(N17:N19) -> 0 | O20: =M20-N20 -> 1415.5172 | P20: =SUM(P17:P19) -> 150 | Q20: =SUM(Q17:Q19) -> 2.5 | R20: - | S20: - | T20: - | U20: - | X20: Mechanical Seal / Glad Packing | Y20: Single
B21: 10 KL SSR (R-1310 / R-1311 / R-1312 / R-1313 / R-1314 / R-1315 / R-1316 / R-1317) Reactor Qty : 8 Nos | X21: Reactor Diameter | Y21: 2100 mm
B22: 1 | C22: Charge 3500 kg hexane at RT with respective day tank (DT-XXXX). | D22: HEXANE | E22: NA | H22: 3500 | J22: =H22-I22 -> 3500 | L22: 0.65 | M22: =H22/L22 -> 5384.6154 | O22: =M22-N22 -> 5384.6154 | P22: 120 | Q22: =P22/60 -> 2 | R22: ATM | T22: 25-30 deg C | U22: CW | X22: Reactor Drawing | Y22: HLE
B23: =1+B22 -> 2 | C23: Mixture feeding from Cyanide Reactor. | D23: Mixer | E23: NA | H23: 1200 | J23: =J22+H23-I23 -> 4700 | L23: 1 | M23: =H23/L23 -> 1200 | O23: =O22+M23-N23 -> 6584.6154 | P23: 60 | Q23: =P23/60 -> 1 | R23: ATM | T23: 25-30 deg C | U23: CW | V23: BCT is consider for mixture feeding | X23: Agitator Type | Y23: Anchor
E24: NA | H24: 250 | J24: =J23+H24-I24 -> 4950 | L24: 1.16 | M24: =H24/L24 -> 215.51724 | O24: =O23+M24-N24 -> 6800.1326 | P24: 30 | Q24: =P24/60 -> 0.5
B25: =1+B23 -> 3 | C25: Charge SC | D25: SC | E25: NA | H25: 21 | J25: =J24+H25-I25 -> 4971 | L25: 2.5 | M25: =H25/L25 -> 8.4 | O25: =O24+M25-N25 -> 6808.5326 | P25: 30 | Q25: =P25/60 -> 0.5 | R25: 600-650mmHg | S25: Vacuum | T25: 25-30 deg C | U25: CW
B26: =1+B25 -> 4 | C26: Charge Cat-2 | D26: Cat - 2 | E26: NA | H26: 30 | J26: =J25+H26-I26 -> 5001 | L26: 1.15 | M26: =H26/L26 -> 26.086957 | O26: =O25+M26-N26 -> 6834.6196 | P26: 30 | Q26: =P26/60 -> 0.5 | R26: 600-650mmHg | S26: Vacuum | T26: 25-30 deg C | U26: CW
B27: =1+B26 -> 5 | C27: Close man-hole and apply chilled water and maintain 24 deg C temperature(start stirre) | J27: =J26+H27-I27 -> 5001 | O27: =O26+M27-N27 -> 6834.6196 | P27: 120 | Q27: =P27/60 -> 2 | R27: ATM | T27: 24 deg C | U27: CHW
B28: =1+B27 -> 6 | C28: Slow addition of prepared mixture in 4 hr at 20-25 degree c | D28: Mixer | E28: NA | H28: =J12 -> 3300 | J28: =J27+H28-I28 -> 8301 | L28: 1.2 | M28: =H28/L28 -> 2750 | O28: =O27+M28-N28 -> 9584.6196 | P28: 300 | Q28: =P28/60 -> 5 | R28: ATM | T28: 24 deg C | U28: CHW
B29: =1+B28 -> 7 | C29: Maintain the reaction mass for 1 hr @ 20-25 degree c | J29: =J28+H29-I29 -> 8301 | O29: =O28+M29-N29 -> 9584.6196 | P29: 120 | Q29: =P29/60 -> 2 | R29: ATM | T29: 24 deg C | U29: CHW
B30: =1+B29 -> 8 | C30: Send sample to QC | J30: =J29+H30-I30 -> 8301 | O30: =O29+M30-N30 -> 9584.6196 | P30: 120 | Q30: =P30/60 -> 2 | R30: ATM | T30: 24 deg C | U30: CHW/CW | X30: Equipment Name | Y30: R-1310 to R-1317
B31: =1+B30 -> 9 | C31: increase to 40 degree c and then settle for 1 hr | J31: =J30+H31-I31 -> 8301 | O31: =O30+M31-N31 -> 9584.6196 | P31: 120 | Q31: =P31/60 -> 2 | R31: ATM | T31: 40 deg C | U31: Steam | X31: Process Step | Y31: REACTION
B32: =1+B31 -> 10 | C32: Layer separation and Aq. Cyanide layer to 10 KL SSR ( R-1215 / R-1216) reactor by vacuum for hypo treatment | I32: 2000 | J32: =J31+H32-I32 -> 6301 | L32: 1 | N32: =I32/L32 -> 2000 | O32: =O31+M32-N32 -> 7584.6196 | P32: 120 | Q32: =P32/60 -> 2 | R32: ATM | T32: 35 -40 deg C | U32: Steam/CW | X32: Batch Cycle Time | Y32: =Q72 -> 171
B33: =1+B32 -> 11 | C33: Add 500kg water to the reactor and stire for 20 min | D33: WATER | E33: 18 | H33: 500 | J33: =J32+H33-I33 -> 6801 | L33: 1 | M33: =H33/L33 -> 500 | O33: =O32+M33-N33 -> 8084.6196 | P33: 90 | Q33: =P33/60 -> 1.5 | R33: ATM | T33: 35- 40 deg c | U33: Steam/CW | X33: MOC | Y33: SS316
B34: =1+B33 -> 12 | C34: Settling for 30 min | J34: =J33+H34-I34 -> 6801 | O34: =O33+M34-N34 -> 8084.6196 | P34: 30 | Q34: =P34/60 -> 0.5 | R34: ATM | T34: =T33 -> 35- 40 deg c | U34: Steam/CW | X34: Nature | Y34: Basic & Acidic
B35: =1+B34 -> 13 | C35: Separate Aq. Layer to (R-1215 / R-1216) | I35: 600 | J35: =J34+H35-I35 -> 6201 | L35: 0.9 | N35: =I35/L35 -> 666.66667 | O35: =O34+M35-N35 -> 7417.9529 | P35: 60 | Q35: =P35/60 -> 1 | R35: ATM | T35: =T34 -> 35- 40 deg c | U35: Steam/CW | X35: Reactor Volume | Y35: 10 KL
B36: =1+B35 -> 14 | C36: Add 250kg hypo and 1000kg water stirr for 30 min and settling | D36: HYPO | E36: NA | H36: 1250 | J36: =J35+H36-I36 -> 7451 | L36: 1.05 | M36: =H36/L36 -> 1190.4762 | O36: =O35+M36-N36 -> 8608.4291 | P36: 90 | Q36: =P36/60 -> 1.5 | R36: ATM | T36: =T35 -> 35- 40 deg c | U36: NR | X36: Pressure | Y36: FV TO ATM
B37: =1+B36 -> 15 | C37: Separate Aq. Layer and send to ETP | I37: 1300 | J37: =J36+H37-I37 -> 6151 | L37: 0.9 | N37: =I37/L37 -> 1444.4444 | O37: =O36+M37-N37 -> 7163.9847 | P37: 90 | Q37: =P37/60 -> 1.5 | R37: ATM | T37: =T36 -> 35- 40 deg c | U37: NR | X37: Temperature | Y37: MINUS 10 TO 85 Deg. C max.
B38: =1+B37 -> 16 | C38: Add 1500kg water and agitate for 20 min and settling for 30 min | D38: WATER | E38: 18 | H38: 1500 | J38: =J37+H38-I38 -> 7651 | L38: 1 | M38: =H38/L38 -> 1500 | O38: =O37+M38-N38 -> 8663.9847 | P38: 90 | Q38: =P38/60 -> 1.5 | R38: ATM | T38: =T37 -> 35- 40 deg c | U38: NR | X38: RPM | Y38: 92
B39: =1+B38 -> 17 | C39: Lower Aq. Layer send to ETP | I39: 1700 | J39: =J38+H39-I39 -> 5951 | L39: 0.9 | N39: =I39/L39 -> 1888.8889 | O39: =O38+M39-N39 -> 6775.0958 | P39: 90 | Q39: =P39/60 -> 1.5 | R39: ATM | T39: =T38 -> 35- 40 deg c | U39: NR | X39: Agitator Dia. | Y39: 975 mm
B40: =1+B39 -> 18 | C40: Charge 10kg Acetic Acid(98%) from Glass Pot (GP-1306 / GP-1307 / GP-1308 / GP-1309 / GP-1310 / GP-1311 / GP-1312 / GP-1313) & 1500kg water and stire for for 30 min | D40: ACETIC ACID | E40: NA | H40: 1510 | J40: =J39+H40-I40 -> 7461 | L40: 1 | M40: =H40/L40 -> 1510 | O40: =O39+M40-N40 -> 8285.0958 | P40: 90 | Q40: =P40/60 -> 1.5 | R40: ATM | T40: =T39 -> 35- 40 deg c | U40: NR | X40: Motor Power | Y40: 10 HP
B41: =1+B40 -> 19 | C41: Separate lower Aq. Layer and send to ETP | I41: 1610 | J41: =J40+H41-I41 -> 5851 | L41: 0.9 | N41: =I41/L41 -> 1788.8889 | O41: =O40+M41-N41 -> 6496.2069 | P41: 90 | Q41: =P41/60 -> 1.5 | R41: ATM | T41: 25-30 deg C | U41: NR | X41: Mechanical Seal / Glad Packing | Y41: Double
B42: =1+B41 -> 20 | C42: Apply steam and increase the temp. upto 65 deg C and recover for 6hr | I42: 2000 | J42: =J41+H42-I42 -> 3851 | L42: 0.65 | N42: =I42/L42 -> 3076.9231 | O42: =O41+M42-N42 -> 3419.2838 | P42: 360 | Q42: =P42/60 -> 6 | R42: ATM | T42: 65 deg C | U42: Steam/CW | X42: Reactor Diameter | Y42: 2200 mm
B43: =1+B42 -> 21 | C43: Build vacuum | J43: =J42+H43-I43 -> 3851 | O43: =O42+M43-N43 -> 3419.2838 | P43: 120 | Q43: =P43/60 -> 2 | R43: 700 mmHg | S43: Vacuum | T43: 65 deg C | U43: Steam/CW | X43: Reactor Drawing | Y43: HLE
B44: =1+B43 -> 22 | C44: Again start Recovery | I44: 1100 | J44: =J43+H44-I44 -> 2751 | L44: 0.65 | N44: =I44/L44 -> 1692.3077 | O44: =O43+M44-N44 -> 1726.9761 | P44: 360 | Q44: =P44/60 -> 6 | R44: 700 mmHg | S44: Vacuum | T44: 65 deg C | U44: Steam/CW | X44: Agitator Type | Y44: PBT
B45: =1+B44 -> 23 | C45: Add 2000kg IPA to the reaction mass at RT | D45: IPA | E45: NA | H45: 2000 | J45: =J44+H45-I45 -> 4751 | L45: 0.78 | M45: =H45/L45 -> 2564.1026 | O45: =O44+M45-N45 -> 4291.0787 | P45: 120 | Q45: =P45/60 -> 2 | R45: ATM | T45: 65 deg C | U45: CW
B46: =1+B45 -> 24 | C46: Apply brine and cool down the temp to 5 deg C | J46: =J45+H46-I46 -> 4751 | O46: =O45+M46-N46 -> 4291.0787 | P46: 120 | Q46: =P46/60 -> 2 | R46: ATM | T46: 5 deg C | U46: CW/CHW
B47: =1+B46 -> 25 | C47: Charge Base - Liquid | D47: BASE - LIQUID | E47: NA | H47: 85 | J47: =J46+H47-I47 -> 4836 | L47: 1 | M47: =H47/L47 -> 85 | O47: =O46+M47-N47 -> 4376.0787 | P47: 30 | Q47: =P47/60 -> 0.5 | R47: 500-600mmHg | S47: Vacuum | T47: 5 deg C | U47: CHB/CHW | X47: HE Primary | Y47: R-1310 to R-1317
B48: =1+B47 -> 26 | C48: Charge CFG-2 powder(qty:5kg) at 5 deg C | D48: CFG - 2 POWDER | E48: NA | H48: 5 | J48: =J47+H48-I48 -> 4841 | L48: 2.1 | M48: =H48/L48 -> 2.3809524 | O48: =O47+M48-N48 -> 4378.4596 | P48: 30 | Q48: =P48/60 -> 0.5 | R48: ATM | T48: 5 deg C | U48: CHB | X48: Utility | Y48: CW
B49: =1+B48 -> 27 | C49: Apply brine and cool down the temp. to 2 deg C and maitain | J49: =J48+H49-I49 -> 4841 | O49: =O48+M49-N49 -> 4378.4596 | P49: 1440 | Q49: =P49/60 -> 24 | R49: ATM | T49: 2 deg C | U49: CHB | X49: Area (m2) | Y49: 20
B50: =1+B49 -> 28 | C50: Again apply brine and cool down the temperature - 5 deg C an d maintain | J50: =J49+H50-I50 -> 4841 | O50: =O49+M50-N50 -> 4378.4596 | P50: 1440 | Q50: =P50/60 -> 24 | R50: ATM | T50: minus 2 deg C | U50: CHB | X50: MOC | Y50: SS
B51: =1+B50 -> 29 | C51: Apply brine and cool down the temp. to -10 deg C and maitain | J51: =J50+H51-I51 -> 4841 | O51: =O50+M51-N51 -> 4378.4596 | P51: 1440 | Q51: =P51/60 -> 24 | R51: ATM | T51: minus 6 deg C | U51: CHB | X51: Type | Y51: Box Type
B52: =1+B51 -> 30 | C52: Sample to QC | J52: =J51+H52-I52 -> 4841 | O52: =O51+M52-N52 -> 4378.4596 | P52: 120 | Q52: =P52/60 -> 2 | R52: ATM | T52: minus 6 deg C | U52: CHB
B53: =1+B52 -> 31 | C53: Addition of 1st lot of 60kg HCL(30%) and 200kg water sol. From addition vessel (AV-1310 / AV-1311 / AV-1312 / AV-1313 / AV-1314 / AV-1315 / AV-1316 / AV-1317) to the reaction mass at -10 deg C for 4 hr | D53: HCL | E53: 36.5 | H53: 260 | J53: =J52+H53-I53 -> 5101 | L53: 1.1 | M53: =H53/L53 -> 236.36364 | O53: =O52+M53-N53 -> 4614.8233 | P53: 240 | Q53: =P53/60 -> 4 | R53: ATM | T53: minus 10 deg C | U53: CHB | X53: HE Secondary | Y53: R-1310 to R-1317
B54: =1+B53 -> 32 | C54: Addition of 2nd lot of 60kg HCL(30%) and 200kg water sol. From addition vessel (AV-1310 / AV-1311 / AV-1312 / AV-1313 / AV-1314 / AV-1315 / AV-1316 / AV-1317) to the reaction mass at -10 deg C for 4 hr | D54: HCL | E54: 36.5 | H54: 260 | J54: =J53+H54-I54 -> 5361 | L54: 1.1 | M54: =H54/L54 -> 236.36364 | O54: =O53+M54-N54 -> 4851.1869 | P54: 240 | Q54: =P54/60 -> 4 | R54: ATM | T54: minus 10 deg C | U54: CHB | X54: Utility | Y54: CHW
B55: =1+B54 -> 33 | C55: Add 4000ltr hexane at -5 deg C . | D55: HEXANE | E55: NA | H55: 2800 | J55: =J54+H55-I55 -> 8161 | L55: 0.65 | M55: =H55/L55 -> 4307.6923 | O55: =O54+M55-N55 -> 9158.8792 | P55: 120 | Q55: =P55/60 -> 2 | R55: ATM | T55: minus 5 deg C | U55: CHB | X55: Area (m2) | Y55: 15
B56: =1+B55 -> 34 | C56: Addition of 3rd lot of 60kg HCL(30%) and 200kg water sol. From addition vessel (AV-1310 / AV-1311 / AV-1312 / AV-1313 / AV-1314 / AV-1315 / AV-1316 / AV-1317) to the reaction mass at 5 deg C for 4 hr | D56: HCL | E56: 36.5 | H56: 260 | J56: =J55+H56-I56 -> 8421 | L56: 1.1 | M56: =H56/L56 -> 236.36364 | O56: =O55+M56-N56 -> 9395.2428 | P56: 240 | Q56: =P56/60 -> 4 | R56: ATM | T56: 5 deg C | U56: CHB | X56: MOC | Y56: SS
B57: =1+B56 -> 35 | C57: Apply CHW/CW and steam and increase the temp. to 33 deg C | J57: =J56+H57-I57 -> 8421 | O57: =O56+M57-N57 -> 9395.2428 | P57: 180 | Q57: =P57/60 -> 3 | R57: ATM | T57: 33 deg C | U57: CW/Steam | X57: Type | Y57: Box Type
B58: =1+B57 -> 36 | C58: Stop agitator and settle for 1hr | J58: =J57+H58-I58 -> 8421 | O58: =O57+M58-N58 -> 9395.2428 | P58: 60 | Q58: =P58/60 -> 1 | R58: ATM | T58: 33 deg C | U58: CW/Steam
B59: =1+B58 -> 37 | C59: Separate lower layer of IPA+water and send it to the IPA recovery reactor (R-1318/ R-1319) | I59: 2500 | J59: =J58+H59-I59 -> 5921 | L59: 0.85 | N59: =I59/L59 -> 2941.1765 | O59: =O58+M59-N59 -> 6454.0664 | P59: 120 | Q59: =P59/60 -> 2 | R59: ATM | T59: 33 deg C | U59: CW/Steam
B60: =1+B59 -> 38 | C60: Add 500kg water to the organic layer and stire for 20 min | D60: WATER | E60: 18 | H60: 500 | J60: =J59+H60-I60 -> 6421 | L60: 1 | M60: =H60/L60 -> 500 | O60: =O59+M60-N60 -> 6954.0664 | P60: 120 | Q60: =P60/60 -> 2 | R60: ATM | T60: 25-30 deg C | U60: CW
B61: =1+B60 -> 39 | C61: Settling for 30 min and send the Aq. Layer to IPA-water recovery reactor by Drum | I61: 800 | J61: =J60+H61-I61 -> 5621 | L61: 0.95 | N61: =I61/L61 -> 842.10526 | O61: =O60+M61-N61 -> 6111.9611 | P61: 90 | Q61: =P61/60 -> 1.5 | R61: ATM | T61: 25-30 deg C | U61: NR | V61: Need Confirmation send to Reactor / ETP
B62: =1+B61 -> 40 | C62: Add 1500kg water stire for 20 min and settling for 30 and drain the Aq. Layer to ETP | D62: WATER | E62: 18 | H62: 1500 | I62: 1800 | J62: =J61+H62-I62 -> 5321 | L62: 1.13 | M62: =H62/L62 -> 1327.4336 | N62: =I62/L62 -> 1592.9204 | O62: =O61+M62-N62 -> 5846.4744 | P62: 90 | Q62: =P62/60 -> 1.5 | R62: ATM | T62: 25-30 deg C | U62: NR
B63: =1+B62 -> 41 | C63: Add 1500kg water stire for 20 min | D63: WATER | E63: 18 | H63: 1500 | J63: =J62+H63-I63 -> 6821 | L63: 1 | M63: =H63/L63 -> 1500 | O63: =O62+M63-N63 -> 7346.4744 | P63: 90 | Q63: =P63/60 -> 1.5 | R63: ATM | T63: 25-30 deg C | U63: NR | V63: After Water Wash Sudden Water Wash ??
B64: =1+B63 -> 42 | C64: settling for 30 and drain the Aq. Layer to ETP | I64: 1800 | J64: =J63+H64-I64 -> 5021 | L64: 1.13 | N64: =I64/L64 -> 1592.9204 | O64: =O63+M64-N64 -> 5753.554 | P64: 60 | Q64: =P64/60 -> 1 | R64: ATM | T64: 25-30 deg c | U64: NR
B65: =1+B64 -> 43 | C65: Add 1500kg water stire for 20 min | D65: WATER | E65: 18 | H65: 1500 | J65: =J64+H65-I65 -> 6521 | L65: 1 | M65: =H65/L65 -> 1500 | O65: =O64+M65-N65 -> 7253.554 | P65: 90 | Q65: =P65/60 -> 1.5 | R65: ATM | T65: 25-30 deg C | U65: NR
B66: =1+B65 -> 44 | C66: settling for 30 and drain the Aq. Layer to ETP | I66: 1800 | J66: =J65+H66-I66 -> 4721 | L66: 1.13 | N66: =I66/L66 -> 1592.9204 | O66: =O65+M66-N66 -> 5660.6337 | P66: 30 | Q66: =P66/60 -> 0.5 | R66: ATM | T66: 25-30 deg C | U66: NR
B67: =1+B66 -> 45 | C67: Add 3Kg SBC and 1500kg water to the reactor stire for 30 min | D67: SBC | E67: NA | H67: 1503 | J67: =J66+H67-I67 -> 6224 | L67: 1 | M67: =H67/L67 -> 1503 | O67: =O66+M67-N67 -> 7163.6337 | P67: 90 | Q67: =P67/60 -> 1.5 | R67: ATM | T67: 25-30 deg C | U67: NR
B68: =1+B67 -> 46 | C68: Separate Aq. Layer and drain to ETP | I68: 1800 | J68: =J67+H68-I68 -> 4424 | L68: 1.12 | N68: =I68/L68 -> 1607.1429 | O68: =O67+M68-N68 -> 5556.4908 | P68: 60 | Q68: =P68/60 -> 1 | R68: ATM | T68: 25-30 deg C | U68: NR
B69: =1+B68 -> 47 | C69: Charge 10kg Acetic Acid(98%) and 1500kg water and stire for 30 min | D69: ACETIC ACID | E69: NA | H69: 1510 | J69: =J68+H69-I69 -> 5934 | L69: 1 | M69: =H69/L69 -> 1510 | O69: =O68+M69-N69 -> 7066.4908 | P69: 90 | Q69: =P69/60 -> 1.5 | R69: ATM | T69: 25-30 deg C | U69: NR
B70: =1+B69 -> 48 | C70: Settling for 30 min and separate Aq. Layer to ETP. | I70: =1767 -> 1767 | J70: =J69+H70-I70 -> 4167 | L70: 1.125 | N70: =I70/L70 -> 1570.6667 | O70: =O69+M70-N70 -> 5495.8242 | P70: 60 | Q70: =P70/60 -> 1 | R70: ATM | T70: 25-30 deg C | U70: CW
B71: =1+B70 -> 49 | C71: Organic Layer Send to Crystallization reactor (R-1212/R-1213/ R-1214) | I71: =J70 -> 4167 | J71: =J70+H71-I71 -> 0 | L71: 0.7582 | N71: =I71/L71 -> 5495.9114 | O71: =O70+M71-N71 -> -0.087212076 | P71: 720 | Q71: =P71/60 -> 12 | R71: ATM | T71: 65 deg C | U71: Steam
B72: Total | D72: - | E72: - | F72: - | H72: =SUM(H22:H71) -> 26744 | I72: =SUM(I22:I71) -> 26744 | J72: =H72-I72 -> 0 | L72: - | M72: =SUM(M22:M71) -> 29793.796 | N72: =SUM(N22:N71) -> 29793.883 | O72: =M72-N72 -> -0.087212076 | P72: =SUM(P22:P71) -> 10260 | Q72: =SUM(Q22:Q71) -> 171 | R72: - | S72: - | T72: - | U72: -
B73: 6.3 KL GLR Crystallization Reactor (R-1212 / R-1213 / R-1214) Reactor Qty : 3 Nos
B74: 1 | C74: Transfer the organic layer to the crystalization reactor (R-1212 / R-1213 / R-1214) | D74: Organic Layer | E74: NA | H74: =I71 -> 4167 | J74: =H74-I74 -> 4167 | L74: =L71 -> 0.7582 | M74: =H74/L74 -> 5495.9114 | O74: =M74-N74 -> 5495.9114 | P74: 60 | Q74: =P74/60 -> 1 | R74: ATM | T74: 10 deg C | U74: CHW/CHB
B75: 2 | C75: Cool down the mass to 10 deg C by applying brine | J75: =J74+H75-I75 -> 4167 | O75: =O74+M75-N75 -> 5495.9114 | P75: 120 | Q75: =P75/60 -> 2 | R75: ATM | T75: 10 deg C | U75: CHW/CHB
B76: 3 | C76: Add CFG-2 powder | D76: CFG - 2 POWDER | E76: NA | H76: 5 | J76: =J75+H76-I76 -> 4172 | L76: 1.3 | M76: =H76/L76 -> 3.8461538 | O76: =O75+M76-N76 -> 5499.7575 | P76: 20 | Q76: =P76/60 -> 0.33333333 | R76: ATM | T76: 10 deg C | U76: CHW/CHB | X76: Equipment Name | Y76: R-1212 / R-1213 / R-1214 | Z76: ANFD - 1104 / ANFD-1105 / ANFD-1106 / ANFD-1107 | AB76: HE Primary | AC76: R-1212 / R-1213 / R-1214
B77: 4 | C77: Again apply the brine and cool down the temperature to -10 deg C and agitate | J77: =J76+H77-I77 -> 4172 | O77: =O76+M77-N77 -> 5499.7575 | P77: 1200 | Q77: =P77/60 -> 20 | R77: ATM | T77: minus 10 deg C | U77: CHW/CHB | X77: Process Step | Y77: CRYSTALLIZATION | Z77: FILTRATION | AB77: Utility | AC77: CW/CHW
B78: 5 | C78: Take it to ANFD (ANFD-1104 / ANFD-1105 / ANFD-1106 / ANFD-1107) and send the ML by vacuum to the same reactor (10 KL SSR) for hexane recovery | I78: =J77 -> 4172 | J78: =J77+H78-I78 -> 0 | L78: 0.7586 | N78: =I78/L78 -> 5499.6045 | O78: =O77+M78-N78 -> 0.15298821 | P78: 480 | Q78: =P78/60 -> 8 | R78: ATM | T78: minus 10 deg C | U78: CHW/CHB | X78: Batch Cycle Time | Y78: =Q79 -> 31.333333 | Z78: =Q84 -> 9 | AB78: Area (m2) | AC78: 15
B79: Total | D79: - | E79: - | F79: - | H79: =SUM(H74:H78) -> 4172 | I79: =SUM(I74:I78) -> 4172 | J79: =H79-I79 -> 0 | L79: - | M79: =SUM(M74:M78) -> 5499.7575 | N79: =SUM(N74:N78) -> 5499.6045 | O79: =M79-N79 -> 0.15298821 | P79: =SUM(P74:P78) -> 1880 | Q79: =SUM(Q74:Q78) -> 31.333333 | R79: - | S79: - | T79: - | U79: - | X79: MOC | Y79: GLR | Z79: SS316 | AB79: MOC | AC79: Graphite
B80: 5 KL SS ANFD (ANFD-1104 / ANFD-1105 / ANFD-1106 / ANFD-1107) Qty : 4 Nos | X80: Nature | Y80: Acidic | Z80: Basic | AB80: Type | AC80: Cylindrical
B81: 1 | C81: Recived ml from Crystallization Reactor (R-1212 / R-1213 / R-1214) | H81: =I78 -> 4172 | J81: =H81-I81 -> 4172 | L81: 0.7586 | M81: =H81/L81 -> 5499.6045 | O81: =M81-N81 -> 5499.6045 | P81: 120 | Q81: =P81/60 -> 2 | R81: ATM | T81: =T75 -> 10 deg C | U81: CHW/CHB | X81: Reactor Volume | Y81: 6.3 KL | Z81: 5 KL
B82: 2 | C82: filter the ml and send for Hexane Recovery Reactor (R-1217 / R-1218) | I82: =J81-1700 -> 2472 | J82: =J81+H82-I82 -> 1700 | L82: 0.6055 | N82: =I82/L82 -> 4082.5764 | O82: =O81+M82-N82 -> 1417.0282 | P82: 240 | Q82: =P82/60 -> 4 | R82: ATM | T82: 10 deg C | U82: CHW/CHB | X82: Pressure | Y82: FV TO ATM | Z82: FV TO ATM | AB82: HE Secondary | AC82: R-1212 / R-1213 / R-1214
B83: 3 | C83: packing | I83: =J82 -> 1700 | J83: =J82+H83-I83 -> 0 | L83: 1.2 | N83: =I83/L83 -> 1416.6667 | O83: =O82+M83-N83 -> 0.36148485 | P83: 180 | Q83: =P83/60 -> 3 | R83: 700 mm hg | T83: 10 deg C | U83: CHW/CHB | X83: Temperature | Y83: minus 10 to 45 Deg. C max. | Z83: 10 TO 35 DEG. C MAX. | AB83: Utility | AC83: CHW
B84: Total | D84: - | E84: - | F84: - | H84: =SUM(H81:H83) -> 4172 | I84: =SUM(I81:I83) -> 4172 | J84: =H84-I84 -> 0 | L84: - | M84: =SUM(M81:M83) -> 5499.6045 | N84: =SUM(N81:N83) -> 5499.243 | O84: =M84-N84 -> 0.36148485 | P84: =SUM(P81:P83) -> 540 | Q84: =SUM(Q81:Q83) -> 9 | R84: - | S84: - | T84: - | U84: - | X84: RPM | Y84: 90 | Z84: 13 | AB84: Area (m2) | AC84: 10
B85: 10 KL SSR Hexane Recovery Reactor (R-1217 / R-1218) Reactor Qty : 2 Nos | X85: Agitator Dia. | Y85: 1100 mm | Z85: 2450 mm | AB85: MOC | AC85: Graphite
B86: 1 | C86: recived ml from ANFD (ANFD-1104 / ANFD-1105 / ANFD-1106 / ANFD-1107) | H86: =I82 -> 2472 | J86: =H86-I86 -> 2472 | L86: 0.6055 | M86: =H86/L86 -> 4082.5764 | O86: =M86-N86 -> 4082.5764 | P86: 60 | Q86: =P86/60 -> 1 | R86: ATM | T86: 25-30 deg C | U86: CHW/CHB | X86: Motor Power | Y86: 15 HP | Z86: 15 HP | AB86: Type | AC86: Cylindrical
B87: 2 | C87: Apply steam and recovery hexane at atm | I87: 1500 | J87: =J86+H87-I87 -> 972 | L87: 0.6 | N87: =I87/L87 -> 2500 | O87: =O86+M87-N87 -> 1582.5764 | P87: 120 | Q87: =P87/60 -> 2 | R87: ATM | T87: 60 degree | U87: steam | X87: Mechanical Seal / Glad Packing | Y87: Double | Z87: Double
B88: 3 | C88: apply vaccum and raise temp to 70 degree for recovery | I88: 800 | J88: =J87+H88-I88 -> 172 | L88: 0.567 | N88: =I88/L88 -> 1410.9347 | O88: =O87+M88-N88 -> 171.64164 | P88: 20 | Q88: =P88/60 -> 0.33333333 | R88: 700 mmHg | T88: 70 degree | U88: steam | X88: Reactor Diameter | Y88: 2100 mm | Z88: 2500 mm
B89: 4 | C89: drum out as it is 30% CFG-2 and recycle back to reaction reactor | I89: =J88 -> 172 | J89: =J88+H89-I89 -> 0 | L89: 1 | N89: =I89/L89 -> 172 | O89: =O88+M89-N89 -> -0.35836111 | P89: 1200 | Q89: =P89/60 -> 20 | R89: ATM | T89: minus 10 deg C | U89: CHW/CHB | X89: Reactor Drawing | Y89: HLE | Z89: NA
B90: Total | D90: - | E90: - | F90: - | H90: =SUM(H86:H89) -> 2472 | I90: =SUM(I86:I89) -> 2472 | J90: =H90-I90 -> 0 | L90: - | M90: =SUM(M86:M89) -> 4082.5764 | N90: =SUM(N86:N89) -> 4082.9347 | O90: =M90-N90 -> -0.35836111 | P90: =SUM(P86:P89) -> 1400 | Q90: =SUM(Q86:Q89) -> 23.333333 | R90: - | S90: - | T90: - | U90: - | X90: Agitator Type | Y90: Anchor | Z90: Blade
B91: 10 KL SSR Neutralization Reactor - Hypo Treatment (R-1215 / R-1216) Reactor Qty : 2 Nos
B92: 1 | C92: Charge Aq. Layer | D92: AQ. LAYER | E92: NA | H92: =I32+I35 -> 2600 | J92: =H92-I92 -> 2600 | L92: 1 | M92: =H92/L92 -> 2600 | O92: =M92-N92 -> 2600 | P92: 60 | Q92: =P92/60 -> 1 | R92: ATM | T92: 25-30 Deg. C | U92: CW
B93: 2 | C93: Add 1300Kg hypo to Aq. Layer in 8hr at RT | D93: HYPO | E93: NA | H93: 1300 | J93: =J92+H93-I93 -> 3900 | L93: 1.2 | M93: =H93/L93 -> 1083.3333 | O93: =O92+M93-N93 -> 3683.3333 | P93: 600 | Q93: =P93/60 -> 10 | R93: ATM | T93: 25-30 deg C | U93: CW
B94: 3 | C94: Send the sample to QC | J94: =J93+H94-I94 -> 3900 | O94: =O93+M94-N94 -> 3683.3333 | P94: 60 | Q94: =P94/60 -> 1 | R94: ATM | T94: 25-30 deg C | U94: CW | X94: Equipment Name | Y94: R-1215 / R-1216 | Z94: R-1318 / R-1319 | AA94: R-1219 | AC94: HE Primary | AD94: R-1215 / R-1216 | AE94: R-1318 / R-1319 | AF94: R-1219
B95: 4 | C95: Send the detox mass to ETP | I95: =J94 -> 3900 | J95: =J94+H95-I95 -> 0 | L95: 1.0589 | N95: =I95/L95 -> 3683.0673 | O95: =O94+M95-N95 -> 0.26599931 | P95: 120 | Q95: =P95/60 -> 2 | R95: ATM | T95: 25-30 deg C | U95: CW | X95: Process Step | Y95: HYPO TREATMENT | Z95: IPA + Water RECOVERY | AA95: IPA Distillation | AC95: Utility | AD95: CW | AE95: CW/CHW | AF95: CW
C96: TOTAL | D96: - | E96: - | F96: - | H96: =SUM(H92:H95) -> 3900 | I96: =SUM(I92:I95) -> 3900 | J96: =H96-I96 -> 0 | L96: - | M96: =SUM(M92:M95) -> 3683.3333 | N96: =SUM(N92:N95) -> 3683.0673 | O96: =M96-N96 -> 0.26599931 | P96: =SUM(P92:P95) -> 840 | Q96: =SUM(Q92:Q95) -> 14 | R96: - | S96: - | T96: - | U96: - | X96: Batch Cycle Time | Y96: =Q96 -> 14 | Z96: =Q102 -> 14 | AA96: =Q109 -> 15 | AC96: Area (m2) | AD96: 20 | AE96: 6.5 | AF96: 20
B97: 3 KL GLR IPA Water Recovery (R-1318/ R-1319) Reactor Qty : 2 Nos | X97: MOC | Y97: SS316 | Z97: MSGL | AA97: SS316 | AC97: MOC | AD97: SS | AE97: Graphite | AF97: SS
B98: 1 | C98: receive IPA water material | D98: IPA | E98: NA | H98: =I59 -> 2500 | J98: =H98-I98 -> 2500 | L98: 0.85 | M98: =H98/L98 -> 2941.1765 | O98: =M98-N98 -> 2941.1765 | P98: 60 | Q98: =P98/60 -> 1 | R98: ATM | T98: 25-30 deg C | U98: CW | X98: Nature | Y98: Basic | Z98: Acidic | AA98: Basic | AC98: Type | AD98: Box type | AE98: Block - Cylindrical | AF98: Box type
B99: 2 | C99: ATM distillation - raise temp to 90 degg | I99: 2000 | J99: =J98+H99-I99 -> 500 | L99: 0.86 | N99: =I99/L99 -> 2325.5814 | O99: =O98+M99-N99 -> 615.59508 | P99: 600 | Q99: =P99/60 -> 10 | R99: ATM | T99: 90 degg | U99: steam | X99: Reactor Volume | Y99: 10 KL | Z99: 3 KL | AA99: 10 KL
B100: 3 | C100: add 500 lit water at 90 degree c | D100: WATER | E100: NA | H100: 500 | J100: =J99+H100-I100 -> 1000 | L100: 1.01 | M100: =H100/L100 -> 495.0495 | O100: =O99+M100-N100 -> 1110.6446 | P100: 60 | Q100: =P100/60 -> 1 | R100: ATM | T100: 90 degg | U100: steam | X100: Pressure | Y100: FV TO ATM | Z100: FV TO ATM | AA100: FV TO ATM | AC100: HE Secondary | AD100: R-1215 / R-1216 | AE100: R-1318 / R-1319 | AF100: R-1219
B101: 4 | C101: cool the mass and send to ETP | I101: =J100 -> 1000 | J101: =J100+H101-I101 -> 0 | L101: 0.9 | N101: =I101/L101 -> 1111.1111 | O101: =O100+M101-N101 -> -0.46653092 | P101: 120 | Q101: =P101/60 -> 2 | R101: ATM | T101: 25-30 deg C | U101: CW | X101: Temperature | Y101: 45 Deg. C max. | Z101: 95 Deg. C max. | AA101: 95 Deg. C max. | AC101: Utility | AD101: NA | AE101: CHW/CHB | AF101: CHW
...

Sheet BFD
B2: INPUT | E2: KG | M2: KG | N2: OUTPUT
B4: 6.3 KL GLR
G6: Reactor - Mixing Capacity : 6.3 KL Tag No : PM-1402 / PM-XXXX MOC : MSGL BCT : 16.5 Hrs
B8: Hexane | E8: =xx!H10 -> 1200
B9: MPBD | E9: =xx!H11 -> 875
B10: IN-1 | E10: =xx!H12 -> 1225
J16: Reaction Mass | L16: =xx!J15 -> 3300
B17: 10 KL SSR
G19: Reactor - Reaction Layer Separation & Distillation Capacity : 10 KL Tag No : R-1310 / R-1311 / R-1312 / R-1313 / R-1314 / R-1315 / R-1316 / R-1317 MOC : SS316 BCT : 171 Hrs
B20: Hexane | E20: =xx!H22 -> 3500
B21: Water from Cyanide Reactor (R-1402) | E21: =xx!H23 -> 1200 | M21: =xx!I42 -> 2000 | N21: Recover Solvent - ATM
B22: Sodium Cyanide from (R-1402) | E22: =xx!H24 -> 250 | M22: =xx!I44 -> 1100 | N22: Recover Solvent - Vacuum
B23: SC | E23: =xx!H25 -> 21
B24: Cat-2 | E24: =xx!H26 -> 30
B25: 1st - Water Wash | E25: =xx!H33 -> 500
B26: 2nd - Water Wash Hypo + Water | E26: =xx!H36 -> 1250
B27: 3rd - Water Wash | E27: =xx!H38 -> 1500
B28: 4th Water Wash + Acetic Acid | E28: =xx!H40 -> 1510
B29: IPA | E29: =xx!H45 -> 2000 | M29: =xx!I70 -> 1767 | N29: 10th Water Wash Aq. Layer - ETP
B30: Base - Liquid | E30: =xx!H47 -> 85 | M30: =xx!I68 -> 1800 | N30: 9th Water Wash Aq. Layer - ETP
B31: CFG-2 Powder | E31: =xx!H48 -> 5 | M31: =xx!I66 -> 1800 | N31: 8th Water Wash Aq. Layer - ETP
B32: 1st Lot Addition - HCL + Water | E32: =xx!H53 -> 260 | M32: =xx!I64 -> 1800 | N32: 6th Water Wash Aq. Layer - ETP
B33: 2nd Lot Addition - HCL + Water | E33: =xx!H54 -> 260 | M33: =xx!I62 -> 1800 | N33: 5th Water Wash Aq. Layer - ETP
B34: Hexane | E34: =xx!H55 -> 2800 | M34: =xx!I61 -> 800 | N34: 2nd Aq. Layer of IPA + Water
B35: 3rd Lot Addition - HCL + Water | E35: =xx!H56 -> 260 | M35: =xx!I59 -> 2500 | N35: 1st Aq. Layer of IPA + Water
B36: 5th - Water Wash | E36: =xx!H60 -> 500 | M36: =xx!I41 -> 1610 | N36: 4thWater Wash Aq. Layer - ETP
B37: 6th - Water Wash | E37: =xx!H62 -> 1500 | M37: =xx!I39 -> 1700 | N37: 3rd Water Wash Aq. Layer - ETP
B38: 7th - Water Wash | E38: =xx!H63 -> 1500 | M38: =xx!I37 -> 1300 | N38: 2nd Water Wash Aq. Layer - ETP
B39: 8th Water Wash | E39: =xx!H65 -> 1500 | M39: =xx!I35 -> 600 | N39: 1st Water Wash Aq. Layer
B40: 9th Water Wash + SBC | E40: =xx!H67 -> 1503 | M40: =xx!I32 -> 2000 | N40: Main Aq. Cyanide Layer
B41: 10th Water Wash + Acetic Acid | E41: =xx!H69 -> 1510
M45: =xx!I71 -> 4167 | N45: Liquid Mass for Crystallization
B48: Total Input | E48: =SUM(E6:E47) -> 26744 | M48: =SUM(M6:M47) -> 26744 | N48: Total Output
B51: 6.3 KL GLR / Crystallization
G54: Reactor - Crystallization Capacity : 6.3 KL Tag No : R-1212/ R-1213/ R-1214 MOC : GLR BCT : 31.3 Hrs
B55: Liuid Mass | E55: =xx!H74 -> 4167
B57: CFG-2 Powder | E57: =xx!H76 -> 5
J61: Reaction Mass | L61: =xx!I79 -> 4172
B63: 5 KL SS / ANFD
G65: ANFD - Filtration + Drying Capacity : 5 KL Tag No : ANFD-1104 / ANFD-1105 / ANFD-1106 / ANFD-1107 MOC : SS316 BCT : 3.3 Hrs
M67: =xx!I82 -> 2472 | N67: Filtered ML
M70: =xx!I83 -> 1700 | N70: Dry Powder - Packing
B74: Total Input | E74: =SUM(E54:E73) -> 4172 | M74: =SUM(M54:M73) -> 4172 | N74: Total Output
B77: 10 KL SSR / Hexane recovery
G80: Reactor - Hexane Recovery Capacity : 10 KL Tag No : R-1217/ R-1218 MOC : GLR BCT : 23.3 Hrs | M80: =xx!I87 -> 1500 | N80: Recovered Hexane - ATM
M81: =xx!I88 -> 800 | N81: Recovered Hexane - Vacuum
B82: ML From ANFD-101 | E82: =xx!H86 -> 2472
M84: =xx!I89 -> 172 | N84: Residue - Drum
B88: Total Input | E88: =SUM(E80:E87) -> 2472 | M88: =SUM(M80:M87) -> 2472 | N88: Total Output
B91: 10 KL SS / Hypo Treatment
G93: Reactor - HYPO Treatment Capacity : 10 KL Tag No : R-1215 / R-1216 MOC : SS316 BCT : 14 Hrs
B94: Aq. Cyanide Layer from R128 | E94: =xx!H92 -> 2600
B97: Hypo | E97: =xx!H93 -> 1300 | M97: =xx!I95 -> 3900 | N97: Detox Mass - ETP
B101: Total Input | E101: =SUM(E93:E100) -> 3900 | M101: =SUM(M93:M100) -> 3900 | N101: Total Output
B104: 3 KL GLR / IPA + Water Reactor
G106: Reactor - IPA + Water Recovery Capacity : 3 KL Tag NO : R-1318 / R-1319 MOC : MSGL BCT : 13 Hrs
B107: 1st Aq. Layer of IPA from R128 | E107: =xx!H98 -> 2500 | M107: =xx!I99 -> 2000 | N107: Recovered IPA - ATM
B111: Water | E111: =xx!H100 -> 500 | M111: =xx!I101 -> 1000 | N111: Remaining Reaction Mass - ETP
B115: Total Input | E115: =SUM(E106:E114) -> 3000 | M115: =SUM(M106:M114) -> 3000 | N115: Total Output
B118: 10 KL SSR / IPA Distillation | J118: Recovered - IPA | L118: =xx!I99 -> 2000
G121: Reactor - IPA Distillation Capacity : 10 KL Tag NO : R-1219 MOC : SS316 BCT : 13 Hrs
B122: Recovered IPA | E122: =xx!H104 -> 2000 | M122: =xx!I107 -> 1100 | N122: Recovered IPA - ATM
B123: Caustic Flakes | E123: =xx!H105 -> 250
M126: =xx!I106 -> 600 | N126: Reaction Mass - Separation Layer
M127: =xx!I108 -> 550 | N127: Residue - Drum
B131: Total Input | E131: =SUM(E121:E130) -> 2250 | M131: =SUM(M121:M130) -> 2250 | N131: Total Output

Sheet Enthalpy Balance
K2: Project No.
K3: Document No.
K4: Issued for
K5: Prepared By
B6: Date | K6: Checked By
B7: Rev. | K7: Approved By | M7: Location
B8: 6.3 KL GLR / Pre Mixer
B9: Step No. | C9: Reactor Use | D9: Reactor Capacity (KL) | E9: Status | F9: Avg. Density ( Kg/m3) | G9: Reaction Temp (Deg.C) | H9: Consider Vapor flow rate of mass | I9: Solvent used for reflux | J9: Reflux cycle ( no of times ) | K9: Solvent % in batch | L9: Chilling time (hrs) | M9: Chilling water Flow Rate (m3/hr)
B10: 1 to 3 | C10: GLR | D10: 6.3 | E10: Working | F10: - | G10: 20 | H10: - | I10: - | J10: - | K10: - | L10: =H21 -> 0.83975273 | M10: =L15 -> 14.2
C12: Chilling Water Requirement | G12: Time Required for Chilling | K12: Chilling Water Supply
C14: Process Fluid Volume | D14: =D10 -> 6.3 | E14: m3 | G14: Utility Inlet Temperature | H14: 7 | I14: °C | K14: Heat Load | L14: =D22/H24 -> 46200 | M14: kcal/hr
C15: Average Density of Process Fluid | D15: - | E15: kg/m3 | G15: Specifc Heat of Process Liquid | H15: =D17 -> 0.7 | I15: kcal/kg °C | K15: Min. Req. Chilling Flowrate | L15: =IF(L14/5/1000<14.2,14.2,L14/5/1000) -> 14.2 | M15: m3/hr
C16: Mass of Reaction Material | D16: =xx!J12 -> 3300 | E16: kg | G16: Process Liquid Intial Temperature | H16: =D19 -> 30 | I16: °C | K16: Calculated Flow rate | L16: =L14/5/1000 -> 9.24
C17: Average Specific Heat Considered | D17: 0.7 | E17: kcal/kg °C | G17: Process Liquid Final Temperature | H17: =D20 -> 15 | I17: °C
C18: Latent Heat of Vaporization of Solvent | D18: - | E18: kcal/kg | G18: Effective Heat Transfer Area | H18: =D21 -> 16.6 | I18: m2
C19: Initial Temperature | D19: 30 | E19: °C | G19: Overcall Heat Transfer Coefficient | H19: 175 | I19: kcal/hr*m2*°C
C20: Final Temperature | D20: 15 | E20: °C
C21: Approx. Heat Transfer Area of Reactor | D21: 16.6 | E21: m2 | G21: Time Calculated | H21: =((D16*D17)/(H18*H19))*(LN((H16-H14)/(H17-H14))) -> 0.83975273 | I21: hr
C22: Thermodynamic Heat | D22: =D16*D17*(D19-D20) -> 34650 | E22: kcal | G22: We have assume the Chilling time (t)
G23: Chilling Time (t) | H23: 45 | I23: min
G24: Chilling Time (t) | H24: =H23/60 -> 0.75 | I24: hr
B25: Step No. | C25: Reactor Use | D25: Reactor Capacity (KL) | E25: Status | F25: Avg. Density ( Kg/m3) | G25: Reaction Temp (Deg.C) | H25: Consider Vapor flow rate of mass | I25: Solvent used for reflux | J25: Reflux cycle ( no of times ) | K25: Solvent % in batch | L25: Chilling + Brine time (hrs) | M25: Chilling water Flow Rate (m3/hr)
B26: 4 & 5 | C26: GLR | D26: 6.3 | E26: Working | F26: - | G26: 8 | H26: - | I26: - | J26: - | K26: - | L26: =H42 -> 0.33333333 | M26: =#REF! -> #REF!
C30: Brine Requirement | G30: Time Required for Brine | K30: Brine Supply
C32: Process Fluid Volume | D32: =D26 -> 6.3 | E32: m3 | G32: Utility Inlet Temperature | H32: -15 | I32: °C | K32: Heat Load | L32: =D40/H42 -> 48510 | M32: kcal/hr
C33: Average Density of Process Fluid | D33: - | E33: kg/m3 | G33: Specifc Heat of Process Liquid | H33: =D35 -> 0.7 | I33: kcal/kg °C | K33: Min. Req. Brine Flowrate | L33: =IF(L32/5/1000<14.2,14.2,L32/5/1000) -> 14.2 | M33: m3/hr
C34: Mass of Reaction Material | D34: =D16 -> 3300 | E34: kg | G34: Process Liquid Intial Temperature | H34: =D37 -> 15 | I34: °C | K34: Calculated Flow rate | L34: =L32/5/1000 -> 9.702
C35: Average Specific Heat Considered | D35: 0.7 | E35: kcal/kg °C | G35: Process Liquid Final Temperature | H35: =D38 -> 8 | I35: °C
C36: Latent Heat of Vaporization of Solvent | D36: - | E36: kcal/kg | G36: Effective Heat Transfer Area | H36: =D39 -> 16.6 | I36: m2
C37: Initial Temperature | D37: 15 | E37: °C | G37: Overcall Heat Transfer Coefficient | H37: 150 | I37: kcal/hr*m2*°C
C38: Final Temperature | D38: 8 | E38: °C
C39: Approx. Heat Transfer Area of Reactor | D39: 16.6 | E39: m2 | G39: Time Calculated | H39: =((D34*D35)/(H36*H37))*(LN((H34)-(H32))/((H35)-(H32))) -> 0.13718816 | I39: hr
C40: Thermodynamic Heat | D40: =D34*D35*(D37-D38) -> 16170 | E40: kcal | G40: We have assume the Chilling time (t)
G41: Chilling Time (t) | H41: 20 | I41: min
G42: Chilling Time (t) | H42: =H41/60 -> 0.33333333 | I42: hr
B45: 3 KL SSR / Cyanide Reactor
B46: Step No. | C46: Reactor Use | D46: Reactor Capacity (KL) | E46: Status | F46: Avg. Density ( Kg/m3) | G46: Reaction Temp (Deg.C) | H46: Consider Vapor flow rate of mass | I46: Solvent used for reflux | J46: Reflux cycle ( no of times ) | K46: Solvent % in batch | L46: Chilling time (hrs) | M46: Chilling Water Flow Rate (m3/hr)
B47: 1 to 3 | C47: SSR | D47: 3 | E47: Working | F47: - | G47: 25 | H47: - | I47: - | J47: - | K47: - | L47: =H61 -> 0.33333333 | M47: =L52 -> 14.2
C49: Chilling Water Requirement | G49: Time Required for Chilling | K49: Chilling Water Supply
C51: Process Fluid Volume | D51: =D47 -> 3 | E51: m3 | G51: Utility Inlet Temperature | H51: 7 | I51: °C | K51: Heat Load | L51: =D59/H61 -> 15225 | M51: kcal/hr
C52: Average Density of Process Fluid | D52: - | E52: kg/m3 | G52: Specifc Heat of Process Liquid | H52: =D54 -> 0.7 | I52: kcal/kg °C | K52: Min Req. Chilling Water Flow rate | L52: =IF(L51/5/1000<14.2,14.2,L51/5/1000) -> 14.2 | M52: m3/hr
C53: Mass of Reaction Material | D53: =xx!J18 -> 1450 | E53: kg | G53: Process Liquid Intial Temperature | H53: =D56 -> 30 | I53: °C | K53: Calculated Flow rate | L53: =L51/5/1000 -> 3.045
C54: Average Specific Heat Considered | D54: 0.7 | E54: kcal/kg °C | G54: Process Liquid Final Temperature | H54: =D57 -> 25 | I54: °C
C55: Latent Heat of Vaporization of Solvent | D55: - | E55: kcal/kg | G55: Effective Heat Transfer Area | H55: =D58 -> 9.4 | I55: m2
C56: Initial Temperature | D56: 30 | E56: °C | G56: Overcall Heat Transfer Coefficient | H56: 175 | I56: kcal/hr*m2*°C
C57: Final Temperature | D57: =G47 -> 25 | E57: °C
C58: Approx. Heat Transfer Area of Reactor | D58: 9.4 | E58: m2 | G58: Time Calculated | H58: =((D53*D54)/(H55*H56))*(LN((H51-H53)/(H51-H54))) -> 0.15124577 | I58: hr
C59: Thermodynamic Heat | D59: =D53*D54*(D56-D57) -> 5075 | E59: kcal | G59: We have assume the Chilling time (t)
G60: Chilling Time (t) | H60: 20 | I60: min
G61: Chilling Time (t) | H61: =H60/60 -> 0.33333333 | I61: hr
B64: 10 KL SSR / Reaction
B65: Step No. | C65: Reactor Use | D65: Reactor Capacity (KL) | E65: Status | F65: Avg. Density ( Kg/m3) | G65: Reaction Temp (Deg.C) | H65: Consider Vapor flow rate of mass | I65: Solvent used for reflux | J65: Reflux cycle ( no of times ) | K65: Solvent % in batch | L65: Chilling time (hrs) | M65: Chilling water Flow Rate (m3/hr)
B66: 1 to 5 | C66: SSR | D66: 10 | E66: Working | F66: - | G66: 25 - 30 | H66: - | I66: - | J66: - | K66: - | L66: =H77 -> 0.23349665 | M66: =L71 -> 23.9
C68: Chilling Water Requirement | G68: Time Required for Chilling | K68: Chilling Water Supply
C70: Process Fluid Volume | D70: =D66 -> 10 | E70: m3 | G70: Utility Inlet Temperature | H70: 7 | I70: °C | K70: Heat Load | L70: =D78/H80 -> 35007 | M70: kcal/hr
C71: Average Density of Process Fluid | D71: - | E71: kg/m3 | G71: Specifc Heat of Process Liquid | H71: =D73 -> 0.7 | I71: kcal/kg °C | K71: Min Req. Chilling Water Flow rate | L71: =IF(L70/5/1000<23.9,23.9,L70/5/1000) -> 23.9 | M71: m3/hr
C72: Mass of Reaction Material | D72: =xx!J26 -> 5001 | E72: kg | G72: Process Liquid Intial Temperature | H72: =D75 -> 30 | I72: °C | K72: Calculated Flow rate | L72: =L70/5/1000 -> 7.0014
C73: Average Specific Heat Considered | D73: 0.7 | E73: kcal/kg °C | G73: Process Liquid Final Temperature | H73: =D76 -> 25 | I73: °C
C74: Latent Heat of Vaporization of Solvent | D74: - | E74: kcal/kg | G74: Effective Heat Transfer Area | H74: =D77 -> 21 | I74: m2
C75: Initial Temperature | D75: 30 | E75: °C | G75: Overcall Heat Transfer Coefficient | H75: 175 | I75: kcal/hr*m2*°C
C76: Final Temperature | D76: 25 | E76: °C
C77: Approx. Heat Transfer Area of Reactor | D77: 21 | E77: m2 | G77: Time Calculated | H77: =((D72*D73)/(H74*H75))*(LN((H72-H70)/(H73-H70))) -> 0.23349665 | I77: hr
C78: Thermodynamic Heat | D78: =D72*D73*(D75-D76) -> 17503.5 | E78: kcal | G78: We have assume the Chilling time (t)
G79: Chilling Time (t) | H79: 30 | I79: min
G80: Chilling Time (t) | H80: =H79/60 -> 0.5 | I80: hr
B82: Step No. | C82: Reactor Use | D82: Reactor Capacity (KL) | E82: Status | F82: Avg. Density ( Kg/m3) | G82: Reaction Temp (Deg.C) | H82: Consider Vapor flow rate of mass | I82: Solvent used for reflux | J82: Reflux cycle ( no of times ) | K82: Solvent % in batch | L82: Chilling time (hrs) | M82: Chilling water Flow Rate (m3/hr)
B83: 6 to 8 | C83: SSR | D83: 10 | E83: Working | F83: - | G83: 24 | H83: - | I83: - | J83: - | K83: - | L83: =H94 -> 0.47794924 | M83: =L88 -> 23.9
C85: Chilling Water Requirement | G85: Time Required for Chilling | K85: Chilling Water Supply
C87: Process Fluid Volume | D87: =D83 -> 10 | E87: m3 | G87: Utility Inlet Temperature | H87: 7 | I87: °C | K87: Heat Load | L87: =D95/H97 -> 69728.4 | M87: kcal/hr
C88: Average Density of Process Fluid | D88: - | E88: kg/m3 | G88: Specifc Heat of Process Liquid | H88: =D90 -> 0.7 | I88: kcal/kg °C | K88: Min Req. Chilling Water Flow rate | L88: =IF(L87/5/1000<23.9,23.9,L87/5/1000) -> 23.9 | M88: m3/hr
C89: Mass of Reaction Material | D89: =xx!J30 -> 8301 | E89: kg | G89: Process Liquid Intial Temperature | H89: =D92 -> 30 | I89: °C | K89: Calculated Flow rate | L89: =L87/5/1000 -> 13.94568
C90: Average Specific Heat Considered | D90: 0.7 | E90: kcal/kg °C | G90: Process Liquid Final Temperature | H90: =D93 -> 24 | I90: °C
C91: Latent Heat of Vaporization of Solvent | D91: - | E91: kcal/kg | G91: Effective Heat Transfer Area | H91: =D94 -> 21 | I91: m2
C92: Initial Temperature | D92: 30 | E92: °C | G92: Overcall Heat Transfer Coefficient | H92: 175 | I92: kcal/hr*m2*°C
C93: Final Temperature | D93: =G83 -> 24 | E93: °C
C94: Approx. Heat Transfer Area of Reactor | D94: 21 | E94: m2 | G94: Time Calculated | H94: =((D89*D90)/(H91*H92))*(LN((H89-H87)/(H90-H87))) -> 0.47794924 | I94: hr
C95: Thermodynamic Heat | D95: =D89*D90*(D92-D93) -> 34864.2 | E95: kcal | G95: We have assume the Chilling time (t)
G96: Chilling Time (t) | H96: 30 | I96: min
G97: Chilling Time (t) | H97: =H96/60 -> 0.5 | I97: hr
B99: Step No. | C99: Reactor Use | D99: Reactor Capacity (KL) | E99: Status | F99: Avg. Density ( Kg/m3) | G99: Reaction Temp (Deg.C) | H99: Consider Vapor flow rate of mass | I99: Solvent used for reflux | J99: Reflux cycle ( no of times ) | K99: Solvent % in batch | L99: Heating Time (hrs) | M99: Steam Flow Rate (Kg/hr)
B100: 9 | C100: SSR | D100: 10 | E100: Working | F100: - | G100: 40 | H100: - | I100: - | J100: - | K100: - | L100: =H105 -> 1 | M100: =L105 -> 182.29647
C102: Steam Requirment | G102: Time Required for Heating | K102: Steam Supply
G103: We have assume the heating time (t)
C104: Process Fluid Volume | D104: =D100 -> 10 | E104: m3 | G104: Heating Time (t) | H104: 60 | I104: min | K104: Heat Load | L104: =D113/H105 -> 92971.2 | M104: kcal/hr
C105: Average Density of Process Fluid | D105: - | E105: kg/m3 | G105: Heating Time (t) | H105: =H104/60 -> 1 | I105: hr | K105: Steam Mass Flow rate | L105: =L104/D112 -> 182.29647 | M105: kg/hr
C106: Mass of Reaction Material | D106: =xx!J31 -> 8301 | E106: kg
C107: Average Specific Heat Considered | D107: 0.7 | E107: kcal/kg °C
C108: Latent Heat of Vaporization of Solvent | D108: - | E108: kcal/kg
C109: Initial Temperature | D109: 24 | E109: °C
C110: Final Temperature | D110: =G100 -> 40 | E110: °C
C111: Approx. Heat Transfer Area of Reactor | D111: 21 | E111: m2
C112: Latent Heat of Condensation of steam | D112: 510 | E112: kcal/kg
C113: Thermodynamic Heat Requirement | D113: =((D106*D107*(D110-D109))) -> 92971.2 | E113: kcal
B116: Step No. | C116: Reactor Use | D116: Reactor Capacity (KL) | E116: Status | F116: Avg. Density ( Kg/m3) | G116: Reaction Temp (Deg.C) | H116: Consider Vapor flow rate of mass | I116: Solvent used for reflux | J116: Reflux cycle ( no of times ) | K116: Solvent % in batch | L116: Heating Time (hrs) | M116: Steam Flow Rate (Kg/hr)
B117: 11 | C117: SSR | D117: 10 | E117: Working | F117: - | G117: 40 | H117: - | I117: - | J117: - | K117: =#REF!/#REF! -> #REF! | L117: =H122 -> 0.33333333 | M117: =L122 -> 20.588235
C119: Steam Requirment | G119: Time Required for Heating | K119: Steam Supply
G120: We have assume the heating time (t)
C121: Process Fluid Volume | D121: =D117 -> 10 | E121: m3 | G121: Heating Time (t) | H121: 20 | I121: min | K121: Heat Load | L121: =D130/H122 -> 10500 | M121: kcal/hr
C122: Average Density of Process Fluid | D122: - | E122: kg/m3 | G122: Heating Time (t) | H122: =H121/60 -> 0.33333333 | I122: hr | K122: Steam Mass Flow rate | L122: =L121/D129 -> 20.588235 | M122: kg/hr
C123: Mass of Reaction Material | D123: =xx!H33 -> 500 | E123: kg
...

Sheet Utility Calculation
R1: Project No.
R2: Document No.
R3: Issued for
R4: Prepared By
B5: Date | R5: Checked By
B6: Rev. | R6: Approved By | U6: Location
B8: Sr. No. | C8: Equipment | E8: Capacity (KL) | F8: MOC | G8: Step No. | H8: Utility Time (hr) | I8: Steam (Kg/hr) | J8: Total Steam (Kg) | K8: Cooling Water (m3/hr) | L8: Total Cooling Water (m3) | M8: Chilling Water (m3/hr) | N8: Total Chilling Water (m3) | O8: Brine (m3/hr) | P8: Total Brine (m3) | Q8: Hot Water (m3/hr) | R8: Total Hot Water (m3) | S8: Vacuum (mmHg) | T8: Nitrogen (m3/hr) | U8: Total Nitrogen (m3) | V8: Compressed Air (m3/hr) | W8: Total Compressed Air (m3)
C9: Tag No. | D9: Description
B10: 1 | C10: AV-XXXX | D10: Hexane Charging Vessel | E10: 10 KL | F10: HDPE | G10: 1 | H10: 0.8 | I10: - | J10: - | K10: - | L10: - | M10: - | N10: - | O10: - | P10: - | Q10: - | R10: - | S10: - | T10: - | U10: - | V10: - | W10: -
B11: 2 | C11: PM-1441 | D11: Pre-Mixer | E11: 6.3 KL | F11: MSGL | G11: 1-3 | H11: 2 | I11: - | J11: - | K11: - | L11: - | M11: 3.5 | N11: =M11*H11 -> 7 | O11: - | P11: - | Q11: - | R11: - | S11: 650 | T11: - | U11: - | V11: - | W11: -
G12: 4-5 | H12: 2 | I12: - | J12: - | K12: - | L12: - | M12: - | N12: - | O12: 1.84 | P12: =O12*H12 -> 3.68 | Q12: - | R12: - | U12: - | V12: - | W12: -
B13: 3 | C13: R-1441 | D13: Cyanide Reactor | E13: 3 KL | F13: SS316 | G13: 1-3 | H13: 1 | I13: - | J13: - | K13: - | L13: - | M13: 1.02 | N13: =M13*H13 -> 1.02 | O13: - | P13: - | Q13: - | R13: - | S13: 650 | U13: - | V13: - | W13: -
B14: 4 | C14: R-1341/R-1342/R-1343 | D14: Reactor | E14: 10 KL | F14: SS316 | G14: 1-5 | H14: 3 | I14: - | J14: - | K14: - | L14: - | M14: 1.4 | N14: =M14*H14 -> 4.2 | O14: - | P14: - | Q14: - | R14: - | S14: 650 | T14: - | U14: - | V14: - | W14: -
G15: 6-8 | H15: 5 | I15: - | J15: - | K15: - | L15: - | M15: 0.55 | N15: =M15*H15 -> 2.75 | O15: - | P15: - | Q15: - | R15: - | S15: - | T15: - | U15: - | V15: - | W15: -
G16: 9 | H16: 2 | I16: 91.15 | J16: =I16*H16 -> 182.3 | K16: - | L16: - | M16: - | N16: - | O16: - | P16: - | Q16: - | R16: - | S16: - | T16: - | U16: - | V16: - | W16: -
G17: 11 | H17: 1 | I17: 6.86 | J17: =I17*H17 -> 6.86 | K17: - | L17: - | M17: - | N17: - | O17: - | P17: - | Q17: - | R17: - | S17: - | T17: - | U17: - | V17: - | W17: -
G18: 14 | H18: 0.5 | I18: 34.31 | J18: =I18*H18 -> 17.155 | K18: - | L18: - | M18: - | N18: - | O18: - | P18: - | Q18: - | R18: - | S18: - | T18: - | U18: - | V18: - | W18: -
G19: 16 | H19: 0.7 | I19: 30.88 | J19: =I19*H19 -> 21.616 | K19: - | L19: - | M19: 2.08 | N19: =M19*H19 -> 1.456 | O19: - | P19: - | Q19: - | R19: - | S19: - | T19: - | U19: - | V19: - | W19: -
G20: 18 | H20: 1 | I20: 20.73 | J20: =I20*H20 -> 20.73 | K20: - | L20: - | M20: - | N20: - | O20: - | P20: - | Q20: - | R20: - | S20: - | T20: - | U20: - | V20: - | W20: -
G21: 20 | H21: 6 | I21: 105.83 | J21: =I21*H21 -> 634.98 | K21: - | L21: - | M21: - | N21: - | O21: - | P21: - | Q21: - | R21: - | S21: - | T21: - | U21: - | V21: - | W21: -
G22: 22 | H22: 5 | I22: 34.5 | J22: =I22*H22 -> 172.5 | K22: - | L22: - | M22: - | N22: - | O22: - | P22: - | Q22: - | R22: - | S22: 700 | U22: - | V22: - | W22: -
D23: IPA | G23: 23-1 | H23: 1 | I23: - | J23: - | K23: 9.63 | L23: =K23*H23 -> 9.63 | O23: - | P23: - | Q23: - | R23: - | S23: - | T23: - | U23: - | V23: - | W23: -
G24: 23-2 | H24: 0.75 | I24: - | J24: - | K24: - | L24: - | M24: 5.14 | N24: =M24*H24 -> 3.855 | O24: - | P24: - | Q24: - | R24: - | S24: - | T24: - | U24: - | V24: - | W24: -
G25: 24-26 | H25: 0.75 | I25: - | J25: - | K25: - | L25: - | M25: 13.55 | N25: =M25*H25 -> 10.1625 | O25: - | P25: - | Q25: - | R25: - | S25: 600 | U25: - | V25: - | W25: -
H26: 1.25 | I26: - | J26: - | K26: - | L26: - | M26: - | N26: - | O26: 6.16 | P26: =O26*H26 -> 7.7 | Q26: - | R26: - | S26: - | T26: - | U26: - | V26: - | W26: -
G27: 27-29 | H27: 6 | I27: - | J27: - | K27: - | L27: - | M27: - | N27: - | O27: 1.93 | P27: =O27*H27 -> 11.58 | Q27: - | R27: - | S27: - | T27: - | U27: - | V27: - | W27: -
D28: HCl Charging Vessel | G28: 31-32 | H28: 2 | I28: - | J28: - | K28: - | L28: - | M28: - | N28: - | O28: 1.65 | P28: =O28*H28 -> 3.3 | Q28: - | R28: - | S28: - | T28: - | U28: - | V28: - | W28: -
G29: 33 | H29: 2 | I29: - | J29: - | K29: - | L29: - | M29: - | N29: - | O29: 8.91 | P29: =O29*H29 -> 17.82 | Q29: - | R29: - | S29: - | T29: - | U29: - | V29: - | W29: -
G30: 34 | H30: 1 | I30: - | J30: - | K30: - | L30: - | M30: - | N30: - | O30: 1.65 | P30: =O30*H30 -> 1.65 | Q30: - | R30: - | S30: - | T30: - | U30: - | V30: - | W30: -
G31: 35-1 | H31: 1 | I31: - | J31: - | K31: - | L31: - | M31: 15.33 | N31: =M31*H31 -> 15.33 | O31: - | P31: - | Q31: - | R31: - | S31: - | T31: - | U31: - | V31: - | W31: -
G32: 35-2 | H32: 1.5 | I32: - | J32: - | K32: 16.51 | L32: =K32*H32 -> 24.765 | M32: - | N32: - | O32: - | P32: - | Q32: - | R32: - | S32: - | T32: - | U32: - | V32: - | W32: -
G33: 35-3 | H33: 0.5 | I33: 208 | J33: =I33*H33 -> 104 | K33: - | L33: - | M33: - | N33: - | O33: - | P33: - | Q33: - | R33: - | S33: - | T33: - | U33: - | V33: - | W33: -
G34: 38 | H34: 1 | I34: - | J34: - | K34: - | L34: - | M34: 0.56 | N34: =M34*H34 -> 0.56 | O34: - | P34: - | Q34: - | R34: - | S34: - | T34: - | U34: - | V34: - | W34: -
G35: 40 | H35: 0.67 | I35: - | J35: - | K35: - | L35: - | M35: 1.58 | N35: =M35*H35 -> 1.0586 | O35: - | P35: - | Q35: - | R35: - | S35: - | T35: - | U35: - | V35: - | W35: -
G36: 41 | H36: 1 | I36: - | J36: - | K36: - | L36: - | M36: 1.05 | N36: =M36*H36 -> 1.05 | O36: - | P36: - | Q36: - | R36: - | S36: - | T36: - | U36: - | V36: - | W36: -
G37: 42 | H37: 1 | I37: - | J37: - | K37: - | L37: - | M37: - | N37: - | O37: - | P37: - | Q37: - | R37: - | S37: - | T37: - | U37: - | V37: - | W37: -
G38: 43 | H38: 1 | I38: - | J38: - | K38: - | L38: - | M38: 1.05 | N38: =M38*H38 -> 1.05 | O38: - | P38: - | Q38: - | R38: - | S38: - | T38: - | U38: - | V38: - | W38: -
G39: 44 | H39: 0.5 | I39: - | J39: - | K39: - | L39: - | M39: - | N39: - | O39: - | P39: - | Q39: - | R39: - | S39: - | T39: - | U39: - | V39: - | W39: -
G40: 45 | H40: 1 | I40: - | J40: - | K40: - | L40: - | M40: 1.05 | N40: =M40*H40 -> 1.05 | O40: - | P40: - | Q40: - | R40: - | S40: - | T40: - | U40: - | V40: - | W40: -
G41: 47 | H41: 1 | I41: - | J41: - | K41: - | L41: - | M41: 1.06 | N41: =M41*H41 -> 1.06 | O41: - | P41: - | Q41: - | R41: - | S41: - | T41: - | U41: - | V41: - | W41: -
G42: 49 | H42: 12 | I42: 19.06 | J42: =I42*H42 -> 228.72 | K42: - | L42: - | M42: - | N42: - | O42: - | P42: - | Q42: - | R42: - | S42: - | T42: - | U42: - | V42: - | W42: -
B43: 5 | C43: R-XXXX | D43: Crystallization Reactor | E43: 6.3 KL | F43: MSGL | G43: 1-2-1 | H43: 1 | I43: - | J43: - | K43: 14.58 | L43: =K43*H43 -> 14.58 | M43: - | N43: - | O43: - | P43: - | Q43: - | R43: - | S43: - | T43: - | U43: - | V43: - | W43: -
G44: 1-2-2 | H44: 1.5 | I44: - | J44: - | K44: - | L44: - | M44: 9.72 | N44: =M44*H44 -> 14.58 | O44: - | P44: - | Q44: - | R44: - | S44: - | T44: - | U44: - | V44: - | W44: -
G45: 1-2-3 | H45: 0.5 | I45: - | J45: - | K45: - | L45: - | M45: - | N45: - | O45: 6.63 | P45: =O45*H45 -> 3.315 | Q45: - | R45: - | S45: - | T45: - | U45: - | V45: - | W45: -
G46: 4 | H46: 20 | I46: - | J46: - | K46: - | L46: - | M46: - | N46: - | O46: 0.66 | P46: =O46*H46 -> 13.2 | Q46: - | R46: - | S46: - | T46: - | U46: - | V46: - | W46: -
B47: 6 | C47: ANFD-XXXX | D47: Agitated Nutche Filter Dryer | E47: 5 KL | F47: SS316 | G47: 1 | H47: 1.5 | I47: - | J47: - | K47: - | L47: - | M47: - | N47: - | O47: - | P47: - | Q47: - | R47: - | S47: 700 | T47: - | U47: - | V47: - | W47: -
B48: 7 | C48: R-XXXX | D48: Neutralization Reactor | E48: 10 KL | F48: SS316 | G48: 1-4 | H48: 2 | I48: - | J48: - | K48: - | L48: - | M48: 1.37 | N48: =M48*H48 -> 2.74 | O48: - | P48: - | Q48: - | R48: - | S48: - | T48: - | U48: - | V48: - | W48: -
B49: 8 | C49: R-XXXX | D49: IPA Water Recovery | E49: 3 KL | F49: MSGL | G49: 2 | H49: 5 | I49: 107.35 | J49: =I49*H49 -> 536.75 | K49: - | L49: - | M49: - | N49: - | O49: - | P49: - | Q49: - | R49: - | S49: - | T49: - | U49: - | V49: - | W49: -
G50: 3 | H50: 0.75 | I50: 59.48 | J50: =I50*H50 -> 44.61 | K50: - | L50: - | M50: - | N50: - | O50: - | P50: - | Q50: - | R50: - | S50: - | T50: - | U50: - | V50: - | W50: -
G51: 4-1 | H51: 1.5 | I51: - | J51: - | K51: 4.67 | L51: =K51*H51 -> 7.005 | M51: - | N51: - | O51: - | P51: - | Q51: - | R51: - | S51: - | T51: - | U51: - | V51: - | W51: -
G52: 4-2 | H52: 0.5 | I52: - | J52: - | K52: - | L52: - | M52: 4.2 | N52: =M52*H52 -> 2.1 | O52: - | P52: - | Q52: - | R52: - | S52: - | T52: - | U52: - | V52: - | W52: -
B53: 9 | C53: R-XXXX | D53: IPA Distillation Reactor | E53: 10 KL | F53: SS316 | G53: 3 | H53: 1 | I53: 279.41 | J53: =I53*H53 -> 279.41 | K53: - | L53: - | M53: - | N53: - | O53: - | P53: - | Q53: - | R53: - | S53: - | T53: - | U53: - | V53: - | W53: -
G54: 4 | H54: 3 | I54: 129.41 | J54: =I54*H54 -> 388.23 | K54: - | L54: - | M54: - | N54: - | O54: - | P54: - | Q54: - | R54: - | S54: - | T54: - | U54: - | V54: - | W54: -
G55: 5-1 | H55: 0.67 | I55: - | J55: - | K55: 5.78 | L55: =K55*H55 -> 3.8726 | M55: - | N55: - | O55: - | P55: - | Q55: - | R55: - | S55: - | T55: - | U55: - | V55: - | W55: -
G56: 5-2 | H56: 0.33 | I56: - | J56: - | K56: - | L56: - | M56: 2.31 | N56: =M56*H56 -> 0.7623 | O56: - | P56: - | Q56: - | R56: - | S56: - | T56: - | U56: - | V56: - | W56: -
G57: 21 | H57: 6 | I57: - | J57: - | K57: - | L57: - | M57: - | N57: - | O57: 2.52 | P57: =O57*H57 -> 15.12 | Q57: - | R57: - | S57: 700 | T57: - | U57: - | V57: - | W57: -
B58: 10 | C58: R-1241/R-1242 | D58: Hexane Reovery | E58: 10 KL | F58: SS316 | G58: 2 | H58: 2 | I58: 177.02 | J58: =I58*H58 -> 354.04 | K58: - | L58: - | M58: - | N58: - | O58: - | P58: - | Q58: - | R58: - | S58: - | T58: - | U58: - | V58: - | W58: -
G59: 3 | H59: 1 | I59: =138.83 -> 138.83 | J59: =I59*H59 -> 138.83 | K59: - | L59: - | M59: - | N59: - | O59: - | P59: - | Q59: - | R59: - | S59: 700 | T59: - | U59: - | V59: - | W59: -
G60: 4-1 | H60: 1 | I60: - | J60: - | K60: 0.72 | L60: =K60*H60 -> 0.72 | M60: - | N60: - | O60: - | P60: - | Q60: - | R60: - | S60: - | T60: - | U60: - | V60: - | W60: -
G61: 4-2 | H61: 1.5 | I61: - | J61: - | K61: - | L61: - | M61: 0.4 | N61: =M61*H61 -> 0.6 | O61: - | P61: - | Q61: - | R61: - | S61: - | T61: - | U61: - | V61: - | W61: -
G62: 4-3 | H62: 1 | I62: - | J62: - | K62: - | L62: - | M62: - | N62: - | O62: 0.68 | P62: =O62*H62 -> 0.68 | Q62: - | R62: - | S62: 700 | T62: - | U62: - | V62: - | W62: -
H63: Total | J63: =SUM(J10:J62) -> 3130.731 | L63: =SUM(L10:L62) -> 60.5726 | N63: =SUM(N10:N62) -> 72.3844 | P63: =SUM(P10:P62) -> 78.045 | R63: =SUM(R10:R62) -> 0
H64: Peak | I64: =MAX(I10:I62) -> 279.41 | K64: =MAX(K10:K62) -> 16.51 | M64: =MAX(M10:M62) -> 15.33 | O64: =MAX(O10:O62) -> 8.91 | Q64: =MAX(Q10:Q62) -> 0 | S64: =MAX(S10:S62) -> 700
H65: Avg. Requirement | I65: 108.89499 | K65: 2.106873 | M65: 2.5177183 | O65: 2.7146087 | Q65: 0

Sheet RM Data
B3: RM | C3: Chemical Name | D3: CAS Number | E3: Molecular Formula | F3: State of Chemical | G3: Mol Wt. (Kg/Kmol) | H3: Density (Kg/m3) | I3: Specific Gravity | J3: MP (°C) | K3: BP (°C) | L3: Flash point (°C) | M3: Vapor Density (kg/m3) | N3: Auto Ignition Temperature(°C) | O3: Cp (KJ/Kg K) | P3: Cp (Kcal/Kg K) | Q3: ∆Hvap (KJ/Kg) | R3: ∆Hf (KJ/mol) | S3: PH | T3: Solubility in Water | U3: Viscocity (cP) | V3: Vapour Pressure | W3: Corrosivity
B4: HEXANE | C4: - | D4: - | E4: - | F4: liquid | G4: - | H4: 661 | I4: 0.659 | J4: -95 | K4: 69 | L4: -22 | M4: 2.97 | N4: 223 | O4: NA | P4: NA | Q4: NA | R4: NA | S4: NA | T4: Insoluble | U4: 0.31 | V4: 160mbar | W4: NO
B5: MPBD | C5: - | D5: - | E5: - | F5: liquid | G5: - | H5: NA | I5: 1.147 | J5: 13 | K5: NA | L5: >112 | M5: 7.8 | N5: NA | O5: NA | P5: NA | Q5: NA | R5: NA | S5: NA | T5: NA | U5: NA | V5: NA | W5: No
B6: IN-1 | C6: - | D6: - | E6: - | F6: Liquid | G6: - | H6: 1.44 gm/cc | I6: NA | J6: NA | K6: 240 | L6: 92.2 | M6: NA | N6: NA | O6: NA | P6: NA | Q6: 46.55 | R6: NA | S6: NA | T6: NA | U6: NA | V6: NA | W6: Yes
B7: WATER | C7: - | D7: - | E7: - | F7: Liquid | G7: - | H7: 998 | I7: 1 | J7: 0 | K7: 100 | L7: NA | M7: NA | N7: NA | O7: NA | P7: NA | Q7: NA | R7: NA | S7: 6-7 | T7: NA | U7: NA | V7: NA | W7: No
B8: SODIUM CYANIDE | C8: - | D8: - | E8: - | F8: Solid | G8: - | H8: NA | I8: NA | J8: 562 | K8: 1497 | L8: NA | M8: NA | N8: NA | O8: NA | P8: NA | Q8: NA | R8: NA | S8: 11-12 | T8: NA | U8: NA | V8: 1hPa at 817°C | W8: NO
B9: SC | C9: - | D9: - | E9: - | F9: Solid | G9: - | H9: NA | I9: 2.53 | J9: 854 | K9: 1600 | L9: NA | M9: NA | N9: NA | O9: NA | P9: NA | Q9: NA | R9: NA | S9: 11.3 | T9: Partially Soluble | U9: NA | V9: NA | W9: NO
B10: MIXER | C10: - | D10: - | E10: - | F10: liquid | G10: - | H10: NA | I10: NA | J10: NA | K10: NA | L10: NA | M10: NA | N10: NA | O10: NA | P10: NA | Q10: NA | R10: NA | S10: NA | T10: NA | U10: NA | V10: NA | W10: Yes
B11: CAT-2 | C11: - | D11: - | E11: - | F11: Solid | G11: - | H11: NA | I11: 1.15 | J11: 100-104 | K11: NA | L11: NA | M11: NA | N11: NA | O11: NA | P11: NA | Q11: NA | R11: NA | S11: NA | T11: 0.01 | U11: NA | V11: NA | W11: No
B12: HYPO | C12: - | D12: - | E12: - | F12: liquid | G12: - | H12: NA | I12: 1.1 | J12: NA | K12: NA | L12: NA | M12: 2.57 | N12: NA | O12: NA | P12: NA | Q12: NA | R12: NA | S12: 12.52 | T12: Soluble | U12: NA | V12: NA | W12: No
B13: ACETIC ACID | C13: - | D13: - | E13: - | F13: liquid | G13: - | H13: 1051 | I13: 1.048 | J13: 16-16.5 | K13: 117-118 | L13: 40 | M13: 2.1 | N13: 427 | O13: NA | P13: NA | Q13: NA | R13: NA | S13: <2.5 | T13: Soluble | U13: 1.53mPa.s | V13: 1.52kPa | W13: No
B14: IPA | C14: - | D14: - | E14: - | F14: liquid | G14: - | H14: 786 | I14: 0.785 | J14: -89.5 | K14: 81-83 | L14: 12 | M14: 2.1 | N14: 425 | O14: NA | P14: NA | Q14: NA | R14: NA | S14: 7 | T14: miscible | U14: 2.27mPa.s | V14: 43mmhg | W14: No
B15: CFG-2 POWDER | C15: - | D15: - | E15: - | F15: NA | G15: - | H15: NA | I15: NA | J15: NA | K15: NA | L15: NA | M15: NA | N15: NA | O15: NA | P15: NA | Q15: NA | R15: NA | S15: NA | T15: NA | U15: NA | V15: NA | W15: No
B16: HCL | C16: - | D16: - | E16: - | F16: Liquid | G16: - | H16: 1180 | I16: 1.18 | J16: 35 | K16: 57 | L16: NA | M16: 1.27 | N16: NA | O16: NA | P16: NA | Q16: NA | R16: NA | S16: 1 | T16: miscible | U16: 1.8mPa.s | V16: 125 | W16: Yes
B17: BASE - LIQUID | C17: - | D17: - | E17: - | F17: Liquid | G17: - | H17: 707 | I17: 0.71 | J17: -50 | K17: 55 | L17: -23 | M17: NA | N17: 312 | O17: NA | P17: NA | Q17: NA | R17: NA | S17: 12 | T17: Soluble | U17: NA | V17: 250 | W17: No
B18: SBC | C18: - | D18: - | E18: - | F18: Solid | G18: - | H18: NA | I18: NA | J18: 270 | K18: NA | L18: NA | M18: NA | N18: NA | O18: NA | P18: NA | Q18: NA | R18: NA | S18: 8.3 | T18: Slightly soluble | U18: NA | V18: NA | W18: No
B19: CAUSTIC | C19: - | D19: - | E19: - | F19: Solid | G19: - | H19: NA | I19: NA | J19: 318 | K19: 1390 | L19: NA | M19: NA | N19: NA | O19: NA | P19: NA | Q19: NA | R19: NA | S19: 14 | T19: NA | U19: NA | V19: 1 mBar | W19: No
